,Prey Population,Predator Popualtion,Food Count,Ratio
0,300.0,50.0,100.0,6.0
1,287.0,50.0,76.0,5.74
2,277.0,51.0,88.0,5.431372549019608
3,272.0,52.0,91.0,5.230769230769231
4,264.0,52.0,88.0,5.076923076923077
5,262.0,3.0,90.0,87.33333333333333
6,262.0,2.0,86.0,131.0
7,262.0,2.0,91.0,131.0
8,263.0,3.0,88.0,87.66666666666667
9,263.0,3.0,87.0,87.66666666666667
10,263.0,2.0,93.0,131.5
11,263.0,2.0,88.0,131.5
12,263.0,1.0,90.0,263.0
13,263.0,1.0,90.0,263.0
14,263.0,1.0,95.0,263.0
